predict_update_VP with Particles;base;100;18830;22488;34258.6402;0.5496;1.0000
predict_update_VP with Particles;base;200;37330;44888;67129.8654;0.5561;1.0000
predict_update_VP with Particles;base;400;74330;89688;131849.0464;0.5638;1.0000
predict_update_VP with Particles;base;800;148330;179288;256244.1223;0.5789;1.0000
predict_update_VP with Particles;base;1600;296330;358488;502591.9037;0.5896;1.0000
predict_update_VP with Particles;base;3200;592330;716888;974972.9898;0.6075;1.0000
predict_update_VP with Particles;base;6400;1184330;1433688;1952456.3346;0.6066;1.0000
predict_update_VP with Particles;base;12800;2368330;2867288;3939056.7612;0.6012;1.0000
predict_update_VP with Particles;fast;100;16730;4888;4311.3002;3.8805;7.9462
predict_update_VP with Particles;fast;200;33130;9688;8446.9044;3.9221;7.9473
predict_update_VP with Particles;fast;400;65930;19288;16277.2792;4.0504;8.1002
predict_update_VP with Particles;fast;800;131530;38488;32220.2699;4.0822;7.9529
predict_update_VP with Particles;fast;1600;262730;76888;64410.0038;4.0790;7.8030
predict_update_VP with Particles;fast;3200;525130;153688;130269.3908;4.0311;7.4843
predict_update_VP with Particles;fast;6400;1049930;307288;256404.8360;4.0948;7.6147
predict_update_VP with Particles;fast;12800;2099530;614488;511626.2984;4.1036;7.6991
predict_update_VP with Particles;base;100;18830;22488;34173.5963;0.5510;1.0000
predict_update_VP with Particles;base;200;37330;44888;66687.8999;0.5598;1.0000
predict_update_VP with Particles;base;400;74330;89688;131272.3361;0.5662;1.0000
predict_update_VP with Particles;base;800;148330;179288;256888.7132;0.5774;1.0000
predict_update_VP with Particles;base;1600;296330;358488;498756.7053;0.5941;1.0000
predict_update_VP with Particles;base;3200;592330;716888;1017427.1102;0.5822;1.0000
predict_update_VP with Particles;base;6400;1184330;1433688;2026606.1302;0.5844;1.0000
predict_update_VP with Particles;base;12800;2368330;2867288;4091801.0286;0.5788;1.0000
predict_update_VP with Particles;fast;100;16730;4888;4296.8898;3.8935;7.9531
predict_update_VP with Particles;fast;200;33130;9688;8436.1429;3.9272;7.9050
predict_update_VP with Particles;fast;400;65930;19288;16253.8745;4.0563;8.0764
predict_update_VP with Particles;fast;800;131530;38488;32238.1250;4.0800;7.9685
predict_update_VP with Particles;fast;1600;262730;76888;64221.8632;4.0910;7.7662
predict_update_VP with Particles;fast;3200;525130;153688;128002.5412;4.1025;7.9485
predict_update_VP with Particles;fast;6400;1049930;307288;255898.3672;4.1029;7.9196
predict_update_VP with Particles;fast;12800;2099530;614488;513248.6120;4.0907;7.9724
